{
  "project_info": {
    "project_number": "38595255465",
    "firebase_url": "https://wordquiz-e3aaf.firebaseio.com",
    "project_id": "wordquiz-e3aaf",
    "storage_bucket": "wordquiz-e3aaf.appspot.com"
  },
  "client": [
    {
      "client_info": {
        "mobilesdk_app_id": "1:38595255465:android:065cdc054be53187a4ddb8",
        "android_client_info": {
          "package_name": "com.example.wordquiz"
        }
      },
      "oauth_client": [
        {
          "client_id": "38595255465-m1p7jtiqe30et23dgd7sq0ug2aeoe6v2.apps.googleusercontent.com",
          "client_type": 3
        }
      ],
      "api_key": [
        {
          "current_key": "AIzaSyCW0cBwRTnY-oGEsPPDKnGnEPEmkwfJGN8"
        }
      ],
      "services": {
        "appinvite_service": {
          "other_platform_oauth_client": [
            {
              "client_id": "38595255465-m1p7jtiqe30et23dgd7sq0ug2aeoe6v2.apps.googleusercontent.com",
              "client_type": 3
            }
          ]
        }
      }
    }
  ],
  "configuration_version": "1"
}